company_id,year,cfo_sign,cfi_sign,cff_sign,pattern_label
ABB,2012,+,-,-,Reinvestor
ABB,2014,+,-,-,Reinvestor
ABB,2015,+,-,-,Reinvestor
ABB,2016,+,-,-,Reinvestor
ABB,2017,+,-,-,Reinvestor
ABB,2018,+,-,-,Reinvestor
ABB,2019,+,-,-,Reinvestor
ABB,2020,+,-,-,Reinvestor
ABB,2021,+,-,-,Reinvestor
ABB,2022,+,-,-,Reinvestor
ABB,2023,+,-,-,Reinvestor
ABB,2024,+,-,-,Reinvestor
ADANIENSOL,2014,+,+,+,Cash Accumulator
ADANIENSOL,2015,-,-,+,Growth Funded by Debt
ADANIENSOL,2016,+,-,-,Reinvestor
ADANIENSOL,2017,+,-,-,Reinvestor
ADANIENSOL,2018,+,-,+,Mixed
ADANIENSOL,2019,+,-,+,Mixed
ADANIENSOL,2020,+,-,+,Mixed
ADANIENSOL,2021,+,-,-,Reinvestor
ADANIENSOL,2022,+,-,-,Reinvestor
ADANIENSOL,2023,+,-,+,Mixed
ADANIENSOL,2024,+,-,-,Reinvestor
ADANIENT,2013,+,-,+,Mixed
ADANIENT,2014,+,-,-,Reinvestor
ADANIENT,2015,+,-,+,Mixed
ADANIENT,2016,+,-,-,Reinvestor
ADANIENT,2017,+,-,+,Mixed
ADANIENT,2018,+,-,+,Mixed
ADANIENT,2019,+,+,-,Liquidating Assets
ADANIENT,2020,+,-,-,Reinvestor
ADANIENT,2021,+,-,+,Mixed
ADANIENT,2022,+,-,+,Mixed
ADANIENT,2023,+,-,-,Reinvestor
ADANIENT,2024,+,-,+,Mixed
ADANIGREEN,2017,+,-,+,Mixed
ADANIGREEN,2018,+,-,+,Mixed
ADANIGREEN,2019,+,-,+,Mixed
ADANIGREEN,2020,+,-,+,Mixed
ADANIGREEN,2021,+,-,+,Mixed
ADANIGREEN,2022,+,-,+,Mixed
ADANIGREEN,2023,+,-,-,Reinvestor
ADANIGREEN,2024,+,-,+,Mixed
ADANIPORTS,2013,+,-,+,Mixed
ADANIPORTS,2014,+,-,+,Mixed
ADANIPORTS,2015,+,-,-,Reinvestor
ADANIPORTS,2016,+,-,+,Mixed
ADANIPORTS,2017,+,-,-,Reinvestor
ADANIPORTS,2018,+,-,-,Reinvestor
ADANIPORTS,2019,+,-,+,Mixed
ADANIPORTS,2020,+,-,-,Reinvestor
ADANIPORTS,2021,+,-,+,Mixed
ADANIPORTS,2022,+,-,-,Reinvestor
ADANIPORTS,2023,+,-,-,Reinvestor
ADANIPORTS,2024,+,-,-,Reinvestor
ADANIPOWER,2013,+,-,+,Mixed
ADANIPOWER,2014,+,-,+,Mixed
ADANIPOWER,2015,+,-,-,Reinvestor
ADANIPOWER,2016,+,-,-,Reinvestor
ADANIPOWER,2017,+,-,-,Reinvestor
ADANIPOWER,2018,+,-,-,Reinvestor
ADANIPOWER,2019,+,-,-,Reinvestor
ADANIPOWER,2020,+,-,-,Reinvestor
ADANIPOWER,2021,+,-,-,Reinvestor
ADANIPOWER,2022,+,+,-,Liquidating Assets
ADANIPOWER,2023,+,+,-,Liquidating Assets
ADANIPOWER,2024,+,+,-,Liquidating Assets
AMBUJACEM,2012,+,-,-,Reinvestor
AMBUJACEM,2013,+,-,-,Reinvestor
AMBUJACEM,2014,+,-,-,Reinvestor
AMBUJACEM,2015,+,-,-,Reinvestor
AMBUJACEM,2016,+,-,-,Reinvestor
AMBUJACEM,2017,+,-,-,Reinvestor
AMBUJACEM,2018,+,-,-,Reinvestor
AMBUJACEM,2019,+,-,-,Reinvestor
AMBUJACEM,2020,+,-,-,Reinvestor
AMBUJACEM,2021,+,-,-,Reinvestor
AMBUJACEM,2023,+,-,+,Mixed
AMBUJACEM,2024,+,-,+,Mixed
APOLLOHOSP,2013,+,-,+,Mixed
APOLLOHOSP,2014,+,-,-,Reinvestor
APOLLOHOSP,2015,+,-,+,Mixed
APOLLOHOSP,2016,+,-,+,Mixed
APOLLOHOSP,2017,+,-,+,Mixed
APOLLOHOSP,2018,+,-,-,Reinvestor
APOLLOHOSP,2019,+,-,-,Reinvestor
APOLLOHOSP,2020,+,-,-,Reinvestor
APOLLOHOSP,2021,+,-,-,Reinvestor
APOLLOHOSP,2022,+,-,-,Reinvestor
APOLLOHOSP,2023,+,-,-,Reinvestor
APOLLOHOSP,2024,+,-,-,Reinvestor
ASIANPAINT,2013,+,-,-,Reinvestor
ASIANPAINT,2014,+,-,-,Reinvestor
ASIANPAINT,2015,+,-,-,Reinvestor
ASIANPAINT,2016,+,-,-,Reinvestor
ASIANPAINT,2017,+,-,-,Reinvestor
ASIANPAINT,2018,+,-,-,Reinvestor
ASIANPAINT,2019,+,-,-,Reinvestor
ASIANPAINT,2020,+,-,-,Reinvestor
ASIANPAINT,2021,+,-,-,Reinvestor
ASIANPAINT,2022,+,-,-,Reinvestor
ASIANPAINT,2023,+,-,-,Reinvestor
ASIANPAINT,2024,+,-,-,Reinvestor
ATGL,2018,+,-,+,Mixed
ATGL,2019,+,+,-,Liquidating Assets
ATGL,2020,+,-,-,Reinvestor
ATGL,2021,+,-,+,Mixed
ATGL,2022,+,-,+,Mixed
ATGL,2023,+,-,+,Mixed
ATGL,2024,+,-,-,Reinvestor
AXISBANK,2013,+,-,+,Mixed
AXISBANK,2014,+,-,+,Mixed
AXISBANK,2015,-,-,+,Growth Funded by Debt
AXISBANK,2016,-,+,+,Distress Signal
AXISBANK,2017,+,-,-,Reinvestor
AXISBANK,2018,-,-,+,Growth Funded by Debt
AXISBANK,2019,+,-,+,Mixed
AXISBANK,2020,+,-,+,Mixed
AXISBANK,2021,+,-,+,Mixed
AXISBANK,2022,+,-,+,Mixed
AXISBANK,2023,+,-,+,Mixed
AXISBANK,2024,-,-,+,Growth Funded by Debt
BAJAJ-AUTO,2013,+,-,-,Reinvestor
BAJAJ-AUTO,2014,+,-,-,Reinvestor
BAJAJ-AUTO,2015,+,-,-,Reinvestor
BAJAJ-AUTO,2016,+,-,-,Reinvestor
BAJAJ-AUTO,2017,+,-,-,Reinvestor
BAJAJ-AUTO,2018,+,-,-,Reinvestor
BAJAJ-AUTO,2019,+,-,-,Reinvestor
BAJAJ-AUTO,2020,+,+,-,Liquidating Assets
BAJAJ-AUTO,2021,+,-,-,Reinvestor
BAJAJ-AUTO,2022,+,+,-,Liquidating Assets
BAJAJ-AUTO,2023,+,+,-,Liquidating Assets
BAJAJ-AUTO,2024,+,-,-,Reinvestor
BAJAJFINSV,2013,-,+,+,Distress Signal
BAJAJFINSV,2014,-,+,+,Distress Signal
BAJAJFINSV,2015,-,+,+,Distress Signal
BAJAJFINSV,2016,-,-,+,Growth Funded by Debt
BAJAJFINSV,2017,-,+,+,Distress Signal
BAJAJFINSV,2018,-,-,+,Growth Funded by Debt
BAJAJFINSV,2019,-,-,+,Growth Funded by Debt
BAJAJFINSV,2020,-,-,+,Growth Funded by Debt
BAJAJFINSV,2021,+,-,+,Mixed
BAJAJFINSV,2022,-,+,+,Distress Signal
BAJAJFINSV,2023,-,-,+,Growth Funded by Debt
BAJAJFINSV,2024,-,-,+,Growth Funded by Debt
BAJAJHLDNG,2013,+,-,-,Reinvestor
BAJAJHLDNG,2014,+,-,-,Reinvestor
BAJAJHLDNG,2015,+,-,-,Reinvestor
BAJAJHLDNG,2016,+,+,-,Liquidating Assets
BAJAJHLDNG,2017,-,-,-,Pre-Revenue
BAJAJHLDNG,2018,+,-,-,Reinvestor
BAJAJHLDNG,2019,+,-,-,Reinvestor
BAJAJHLDNG,2020,+,-,-,Reinvestor
BAJAJHLDNG,2021,+,-,-,Reinvestor
BAJAJHLDNG,2022,+,-,-,Reinvestor
BAJAJHLDNG,2023,+,-,-,Reinvestor
BAJAJHLDNG,2024,+,-,-,Reinvestor
BAJFINANCE,2015,-,-,+,Growth Funded by Debt
BAJFINANCE,2016,-,-,+,Growth Funded by Debt
BAJFINANCE,2017,-,-,+,Growth Funded by Debt
BAJFINANCE,2018,-,+,+,Distress Signal
BAJFINANCE,2019,-,-,+,Growth Funded by Debt
BAJFINANCE,2020,-,-,+,Growth Funded by Debt
BAJFINANCE,2021,-,-,+,Growth Funded by Debt
BAJFINANCE,2022,-,+,+,Distress Signal
BAJFINANCE,2023,-,-,+,Growth Funded by Debt
BAJFINANCE,2024,-,-,+,Growth Funded by Debt
BANKBARODA,2013,+,-,-,Reinvestor
BANKBARODA,2014,+,-,+,Mixed
BANKBARODA,2015,+,-,-,Reinvestor
BANKBARODA,2016,-,-,-,Pre-Revenue
BANKBARODA,2017,+,-,-,Reinvestor
BANKBARODA,2018,-,-,+,Growth Funded by Debt
BANKBARODA,2019,-,-,+,Growth Funded by Debt
BANKBARODA,2020,+,-,+,Mixed
BANKBARODA,2021,-,-,-,Pre-Revenue
BANKBARODA,2022,+,-,-,Reinvestor
BANKBARODA,2023,-,-,-,Pre-Revenue
BANKBARODA,2024,-,-,+,Growth Funded by Debt
BEL,2013,-,+,-,Unknown
BEL,2014,-,+,-,Unknown
BEL,2015,+,-,-,Reinvestor
BEL,2016,+,-,-,Reinvestor
BEL,2017,-,+,-,Unknown
BEL,2018,-,-,-,Pre-Revenue
BEL,2019,+,-,-,Reinvestor
BEL,2020,+,-,-,Reinvestor
BEL,2021,+,-,-,Reinvestor
BEL,2022,+,-,-,Reinvestor
BEL,2023,+,+,-,Liquidating Assets
BEL,2024,+,-,-,Reinvestor
BHARTIARTL,2013,+,-,-,Reinvestor
BHARTIARTL,2014,+,-,+,Mixed
BHARTIARTL,2015,+,-,-,Reinvestor
BHARTIARTL,2016,+,-,-,Reinvestor
BHARTIARTL,2017,+,-,-,Reinvestor
BHARTIARTL,2018,+,-,+,Mixed
BHARTIARTL,2019,+,-,+,Mixed
BHARTIARTL,2020,+,-,+,Mixed
BHARTIARTL,2021,+,-,-,Reinvestor
BHARTIARTL,2022,+,-,-,Reinvestor
BHARTIARTL,2023,+,-,-,Reinvestor
BHARTIARTL,2024,+,-,-,Reinvestor
BHEL,2013,+,-,+,Mixed
BHEL,2014,+,-,+,Mixed
BHEL,2015,+,+,-,Liquidating Assets
BHEL,2016,+,+,-,Liquidating Assets
BHEL,2017,+,-,-,Reinvestor
BHEL,2018,+,+,-,Liquidating Assets
BHEL,2019,-,+,-,Unknown
BHEL,2020,-,+,+,Distress Signal
BHEL,2021,+,-,-,Reinvestor
BHEL,2022,+,-,-,Reinvestor
BHEL,2023,-,+,+,Distress Signal
BHEL,2024,-,+,+,Distress Signal
BOSCHLTD,2012,+,-,-,Reinvestor
BOSCHLTD,2013,+,-,-,Reinvestor
BOSCHLTD,2015,+,-,-,Reinvestor
BOSCHLTD,2016,+,-,-,Reinvestor
BOSCHLTD,2017,+,+,-,Liquidating Assets
BOSCHLTD,2018,+,-,-,Reinvestor
BOSCHLTD,2019,+,+,-,Liquidating Assets
BOSCHLTD,2020,+,-,-,Reinvestor
BOSCHLTD,2021,+,-,-,Reinvestor
BOSCHLTD,2022,+,-,-,Reinvestor
BOSCHLTD,2023,+,+,-,Liquidating Assets
BOSCHLTD,2024,+,+,-,Liquidating Assets
BPCL,2013,+,-,-,Reinvestor
BPCL,2014,+,-,-,Reinvestor
BPCL,2015,+,-,-,Reinvestor
BPCL,2016,+,-,-,Reinvestor
BPCL,2017,+,-,+,Mixed
BPCL,2018,+,-,-,Reinvestor
BPCL,2019,+,-,+,Mixed
BPCL,2020,+,-,+,Mixed
BPCL,2021,+,-,-,Reinvestor
BPCL,2022,+,-,-,Reinvestor
BPCL,2023,+,-,-,Reinvestor
BPCL,2024,+,-,-,Reinvestor
BRITANNIA,2013,+,+,-,Liquidating Assets
BRITANNIA,2014,+,-,-,Reinvestor
BRITANNIA,2015,+,-,-,Reinvestor
BRITANNIA,2016,+,-,-,Reinvestor
BRITANNIA,2017,+,-,-,Reinvestor
BRITANNIA,2018,+,-,-,Reinvestor
BRITANNIA,2019,+,-,-,Reinvestor
BRITANNIA,2020,+,-,+,Mixed
BRITANNIA,2021,+,+,-,Liquidating Assets
BRITANNIA,2022,+,+,-,Liquidating Assets
BRITANNIA,2023,+,-,-,Reinvestor
BRITANNIA,2024,+,+,-,Liquidating Assets
CANBK,2013,+,-,-,Reinvestor
CANBK,2014,+,-,-,Reinvestor
CANBK,2015,+,-,-,Reinvestor
CANBK,2016,+,-,-,Reinvestor
CANBK,2017,+,-,+,Mixed
CANBK,2018,-,-,+,Growth Funded by Debt
CANBK,2019,+,-,-,Reinvestor
CANBK,2020,-,-,+,Growth Funded by Debt
CANBK,2021,+,-,+,Mixed
CANBK,2022,+,-,+,Mixed
CANBK,2023,-,-,+,Growth Funded by Debt
CANBK,2024,+,-,-,Reinvestor
CHOLAFIN,2013,-,+,+,Distress Signal
CHOLAFIN,2014,-,-,+,Growth Funded by Debt
CHOLAFIN,2015,-,-,+,Growth Funded by Debt
CHOLAFIN,2016,-,-,+,Growth Funded by Debt
CHOLAFIN,2017,-,-,+,Growth Funded by Debt
CHOLAFIN,2018,-,-,+,Growth Funded by Debt
CHOLAFIN,2019,-,-,+,Growth Funded by Debt
CHOLAFIN,2020,-,-,+,Growth Funded by Debt
CHOLAFIN,2021,-,-,+,Growth Funded by Debt
CHOLAFIN,2022,-,+,+,Distress Signal
CHOLAFIN,2023,-,-,+,Growth Funded by Debt
CHOLAFIN,2024,-,-,+,Growth Funded by Debt
CIPLA,2013,+,-,+,Mixed
CIPLA,2014,+,-,-,Reinvestor
CIPLA,2015,+,-,+,Mixed
CIPLA,2016,+,-,+,Mixed
CIPLA,2017,+,-,-,Reinvestor
CIPLA,2018,+,-,-,Reinvestor
CIPLA,2019,+,-,-,Reinvestor
CIPLA,2020,+,+,-,Liquidating Assets
CIPLA,2021,+,-,-,Reinvestor
CIPLA,2022,+,-,-,Reinvestor
CIPLA,2023,+,-,-,Reinvestor
CIPLA,2024,+,-,-,Reinvestor
COALINDIA,2013,+,-,-,Reinvestor
COALINDIA,2014,+,+,-,Liquidating Assets
COALINDIA,2015,+,+,-,Liquidating Assets
COALINDIA,2016,+,+,-,Liquidating Assets
COALINDIA,2017,+,+,-,Liquidating Assets
COALINDIA,2018,+,-,-,Reinvestor
COALINDIA,2019,+,-,-,Reinvestor
COALINDIA,2020,+,+,-,Liquidating Assets
COALINDIA,2021,+,+,-,Liquidating Assets
COALINDIA,2022,+,-,-,Reinvestor
COALINDIA,2023,+,-,-,Reinvestor
COALINDIA,2024,+,-,-,Reinvestor
DABUR,2013,+,-,-,Reinvestor
DABUR,2014,+,-,-,Reinvestor
DABUR,2015,+,-,-,Reinvestor
DABUR,2016,+,-,-,Reinvestor
DABUR,2017,+,-,-,Reinvestor
DABUR,2018,+,-,-,Reinvestor
DABUR,2019,+,+,-,Liquidating Assets
DABUR,2020,+,-,-,Reinvestor
DABUR,2021,+,-,-,Reinvestor
DABUR,2022,+,-,-,Reinvestor
DABUR,2023,+,-,-,Reinvestor
DABUR,2024,+,-,-,Reinvestor
DIVISLAB,2013,+,-,-,Reinvestor
DIVISLAB,2014,+,-,-,Reinvestor
DIVISLAB,2015,+,-,-,Reinvestor
DIVISLAB,2016,+,-,-,Reinvestor
DIVISLAB,2017,+,-,+,Mixed
DIVISLAB,2018,+,-,-,Reinvestor
DIVISLAB,2019,+,-,-,Reinvestor
DIVISLAB,2020,+,-,-,Reinvestor
DIVISLAB,2021,+,+,-,Liquidating Assets
DIVISLAB,2022,+,-,-,Reinvestor
DIVISLAB,2023,+,-,-,Reinvestor
DIVISLAB,2024,+,-,-,Reinvestor
DLF,2013,+,+,-,Liquidating Assets
DLF,2014,+,+,-,Liquidating Assets
DLF,2015,+,+,-,Liquidating Assets
DLF,2016,+,-,-,Reinvestor
DLF,2017,-,+,+,Distress Signal
DLF,2018,+,-,-,Reinvestor
DLF,2019,+,+,+,Cash Accumulator
DLF,2020,+,+,-,Liquidating Assets
DLF,2021,+,+,-,Liquidating Assets
DLF,2022,+,+,-,Liquidating Assets
DLF,2023,+,-,-,Reinvestor
DLF,2024,+,-,+,Mixed
DMART,2013,+,-,+,Mixed
DMART,2014,+,-,+,Mixed
DMART,2015,+,-,+,Mixed
DMART,2016,+,-,+,Mixed
DMART,2017,+,-,+,Mixed
DMART,2018,+,+,-,Liquidating Assets
DMART,2019,+,-,+,Mixed
DMART,2020,+,-,+,Mixed
DMART,2021,+,-,-,Reinvestor
DMART,2022,+,-,-,Reinvestor
DMART,2023,+,-,-,Reinvestor
DMART,2024,+,-,-,Reinvestor
DRREDDY,2013,+,-,-,Reinvestor
DRREDDY,2014,+,-,-,Reinvestor
DRREDDY,2015,+,-,-,Reinvestor
DRREDDY,2016,+,-,-,Reinvestor
DRREDDY,2017,+,-,-,Reinvestor
DRREDDY,2018,+,-,-,Reinvestor
DRREDDY,2019,+,-,-,Reinvestor
DRREDDY,2020,+,-,-,Reinvestor
DRREDDY,2021,+,-,-,Reinvestor
DRREDDY,2022,+,-,-,Reinvestor
DRREDDY,2023,+,-,-,Reinvestor
DRREDDY,2024,+,-,-,Reinvestor
EICHERMOT,2012,+,-,-,Reinvestor
EICHERMOT,2013,+,-,-,Reinvestor
EICHERMOT,2014,+,-,-,Reinvestor
EICHERMOT,2016,+,-,-,Reinvestor
EICHERMOT,2017,+,-,+,Mixed
EICHERMOT,2018,+,-,-,Reinvestor
EICHERMOT,2019,+,-,-,Reinvestor
EICHERMOT,2020,+,-,-,Reinvestor
EICHERMOT,2021,+,-,-,Reinvestor
EICHERMOT,2022,+,-,-,Reinvestor
EICHERMOT,2023,+,-,-,Reinvestor
EICHERMOT,2024,+,-,-,Reinvestor
GAIL,2013,+,-,+,Mixed
GAIL,2014,+,-,-,Reinvestor
GAIL,2015,+,-,-,Reinvestor
GAIL,2016,+,-,-,Reinvestor
GAIL,2017,+,-,-,Reinvestor
GAIL,2018,+,-,-,Reinvestor
GAIL,2019,+,-,-,Reinvestor
GAIL,2020,+,-,+,Mixed
GAIL,2021,+,-,-,Reinvestor
GAIL,2022,+,-,-,Reinvestor
GAIL,2023,+,-,+,Mixed
GAIL,2024,+,-,-,Reinvestor
GODREJCP,2013,+,-,+,Mixed
GODREJCP,2014,+,-,-,Reinvestor
GODREJCP,2015,+,-,-,Reinvestor
GODREJCP,2016,+,-,-,Reinvestor
GODREJCP,2017,+,-,+,Mixed
GODREJCP,2018,+,-,-,Reinvestor
GODREJCP,2019,+,+,-,Liquidating Assets
GODREJCP,2020,+,-,-,Reinvestor
GODREJCP,2021,+,-,-,Reinvestor
GODREJCP,2022,+,-,-,Reinvestor
GODREJCP,2023,+,-,-,Reinvestor
GODREJCP,2024,+,-,+,Mixed
GRASIM,2013,+,-,+,Mixed
GRASIM,2014,+,-,-,Reinvestor
GRASIM,2015,+,-,-,Reinvestor
GRASIM,2016,+,-,-,Reinvestor
GRASIM,2017,+,-,-,Reinvestor
GRASIM,2018,-,+,+,Distress Signal
GRASIM,2019,-,-,+,Growth Funded by Debt
GRASIM,2020,+,-,-,Reinvestor
GRASIM,2021,+,-,-,Reinvestor
GRASIM,2022,+,-,-,Reinvestor
GRASIM,2023,-,-,+,Growth Funded by Debt
GRASIM,2024,-,-,+,Growth Funded by Debt
HAL,2017,-,+,-,Unknown
HAL,2018,-,+,-,Unknown
HAL,2019,-,+,+,Distress Signal
HAL,2020,+,-,+,Mixed
HAL,2021,+,-,-,Reinvestor
HAL,2022,+,-,-,Reinvestor
HAL,2023,+,-,-,Reinvestor
HAL,2024,+,-,-,Reinvestor
HAVELLS,2013,+,-,-,Reinvestor
HAVELLS,2014,+,-,-,Reinvestor
HAVELLS,2015,+,-,-,Reinvestor
HAVELLS,2016,+,-,-,Reinvestor
HAVELLS,2017,+,-,-,Reinvestor
HAVELLS,2018,+,-,-,Reinvestor
HAVELLS,2019,+,+,-,Liquidating Assets
HAVELLS,2020,+,-,-,Reinvestor
HAVELLS,2021,+,-,+,Mixed
HAVELLS,2022,+,-,-,Reinvestor
HAVELLS,2023,+,+,-,Liquidating Assets
HAVELLS,2024,+,-,-,Reinvestor
HCLTECH,2013,+,-,-,Reinvestor
HCLTECH,2014,+,-,-,Reinvestor
HCLTECH,2015,+,-,-,Reinvestor
HCLTECH,2016,+,-,-,Reinvestor
HCLTECH,2017,+,-,-,Reinvestor
HCLTECH,2018,+,-,-,Reinvestor
HCLTECH,2019,+,-,-,Reinvestor
HCLTECH,2020,+,-,-,Reinvestor
HCLTECH,2021,+,-,-,Reinvestor
HCLTECH,2022,+,+,-,Liquidating Assets
HCLTECH,2023,+,-,-,Reinvestor
HCLTECH,2024,+,-,-,Reinvestor
HDFCBANK,2013,-,-,+,Growth Funded by Debt
HDFCBANK,2014,+,-,+,Mixed
HDFCBANK,2015,-,-,+,Growth Funded by Debt
HDFCBANK,2016,-,-,+,Growth Funded by Debt
HDFCBANK,2017,+,-,-,Reinvestor
HDFCBANK,2018,+,-,+,Mixed
HDFCBANK,2019,-,-,+,Growth Funded by Debt
HDFCBANK,2020,-,-,+,Growth Funded by Debt
HDFCBANK,2021,+,-,-,Reinvestor
HDFCBANK,2022,-,-,+,Growth Funded by Debt
HDFCBANK,2023,+,-,+,Mixed
HDFCBANK,2024,+,+,-,Liquidating Assets
HDFCLIFE,2013,,,,
HDFCLIFE,2014,,,,
HDFCLIFE,2015,+,-,-,Reinvestor
HDFCLIFE,2016,+,-,-,Reinvestor
HDFCLIFE,2017,+,-,-,Reinvestor
HDFCLIFE,2018,+,-,-,Reinvestor
HDFCLIFE,2019,+,-,-,Reinvestor
HDFCLIFE,2020,+,-,+,Mixed
HDFCLIFE,2021,+,-,+,Mixed
HDFCLIFE,2022,+,-,-,Reinvestor
HDFCLIFE,2023,+,-,+,Mixed
HDFCLIFE,2024,+,-,-,Reinvestor
HEROMOTOCO,2014,+,-,-,Reinvestor
HEROMOTOCO,2015,+,+,-,Liquidating Assets
HEROMOTOCO,2016,+,-,-,Reinvestor
HEROMOTOCO,2017,+,-,-,Reinvestor
HEROMOTOCO,2018,+,-,-,Reinvestor
HEROMOTOCO,2019,+,+,-,Liquidating Assets
HEROMOTOCO,2020,+,-,-,Reinvestor
HEROMOTOCO,2021,+,-,-,Reinvestor
HEROMOTOCO,2022,+,-,-,Reinvestor
HEROMOTOCO,2023,+,-,-,Reinvestor
HEROMOTOCO,2024,+,-,-,Reinvestor
HINDALCO,2013,+,-,+,Mixed
HINDALCO,2014,+,-,+,Mixed
HINDALCO,2015,+,-,-,Reinvestor
HINDALCO,2016,+,-,-,Reinvestor
HINDALCO,2017,+,-,-,Reinvestor
HINDALCO,2018,+,+,-,Liquidating Assets
HINDALCO,2019,+,-,-,Reinvestor
HINDALCO,2020,+,-,+,Mixed
HINDALCO,2021,+,-,-,Reinvestor
HINDALCO,2022,+,-,-,Reinvestor
HINDALCO,2023,+,-,-,Reinvestor
HINDALCO,2024,+,-,-,Reinvestor
HINDUNILVR,2013,+,+,-,Liquidating Assets
HINDUNILVR,2014,+,-,-,Reinvestor
HINDUNILVR,2015,+,+,-,Liquidating Assets
HINDUNILVR,2016,+,-,-,Reinvestor
HINDUNILVR,2017,+,-,-,Reinvestor
HINDUNILVR,2018,+,-,-,Reinvestor
HINDUNILVR,2019,+,-,-,Reinvestor
HINDUNILVR,2020,+,+,-,Liquidating Assets
HINDUNILVR,2021,+,-,-,Reinvestor
HINDUNILVR,2022,+,-,-,Reinvestor
HINDUNILVR,2023,+,-,-,Reinvestor
HINDUNILVR,2024,+,-,-,Reinvestor
ICICIBANK,2013,+,-,+,Mixed
ICICIBANK,2014,+,-,+,Mixed
ICICIBANK,2015,-,-,+,Growth Funded by Debt
ICICIBANK,2016,+,-,+,Mixed
ICICIBANK,2017,+,-,-,Reinvestor
ICICIBANK,2018,+,-,+,Mixed
ICICIBANK,2019,+,-,-,Reinvestor
ICICIBANK,2020,+,-,+,Mixed
ICICIBANK,2021,+,-,-,Reinvestor
ICICIBANK,2022,+,-,+,Mixed
ICICIBANK,2023,-,-,+,Growth Funded by Debt
ICICIBANK,2024,+,-,+,Mixed
ICICIGI,2013,+,-,+,Mixed
ICICIGI,2014,+,-,+,Mixed
ICICIGI,2015,-,+,-,Unknown
ICICIGI,2016,+,-,-,Reinvestor
ICICIGI,2017,+,-,+,Mixed
ICICIGI,2018,+,-,-,Reinvestor
ICICIGI,2019,+,-,-,Reinvestor
ICICIGI,2020,+,-,-,Reinvestor
ICICIGI,2021,+,-,-,Reinvestor
ICICIGI,2022,+,+,-,Liquidating Assets
ICICIGI,2023,+,-,-,Reinvestor
ICICIGI,2024,+,-,-,Reinvestor
ICICIPRULI,2013,-,+,-,Unknown
ICICIPRULI,2014,-,+,-,Unknown
ICICIPRULI,2015,+,-,-,Reinvestor
ICICIPRULI,2016,+,+,-,Liquidating Assets
ICICIPRULI,2017,+,-,-,Reinvestor
ICICIPRULI,2018,+,-,-,Reinvestor
ICICIPRULI,2019,+,-,-,Reinvestor
ICICIPRULI,2020,+,-,-,Reinvestor
ICICIPRULI,2021,+,-,+,Mixed
ICICIPRULI,2022,+,-,-,Reinvestor
ICICIPRULI,2023,+,-,-,Reinvestor
ICICIPRULI,2024,-,+,-,Unknown
INDIGO,2013,+,-,+,Mixed
INDIGO,2014,+,-,+,Mixed
INDIGO,2015,+,-,-,Reinvestor
INDIGO,2016,+,-,-,Reinvestor
INDIGO,2017,+,-,-,Reinvestor
INDIGO,2018,+,-,+,Mixed
INDIGO,2019,+,-,-,Reinvestor
INDIGO,2020,+,-,-,Reinvestor
INDIGO,2021,-,+,-,Unknown
INDIGO,2022,+,+,-,Liquidating Assets
INDIGO,2023,+,-,-,Reinvestor
INDIGO,2024,+,-,-,Reinvestor
INDUSINDBK,2013,-,-,+,Growth Funded by Debt
INDUSINDBK,2014,-,-,+,Growth Funded by Debt
INDUSINDBK,2015,-,-,+,Growth Funded by Debt
INDUSINDBK,2016,-,-,+,Growth Funded by Debt
INDUSINDBK,2017,+,-,-,Reinvestor
INDUSINDBK,2018,-,-,+,Growth Funded by Debt
INDUSINDBK,2019,-,-,+,Growth Funded by Debt
INDUSINDBK,2020,-,+,+,Distress Signal
INDUSINDBK,2021,+,-,-,Reinvestor
INDUSINDBK,2022,+,-,-,Reinvestor
INDUSINDBK,2023,-,-,+,Growth Funded by Debt
INDUSINDBK,2024,-,-,-,Pre-Revenue
INFY,2013,+,-,-,Reinvestor
INFY,2014,+,-,-,Reinvestor
INFY,2015,+,+,-,Liquidating Assets
INFY,2016,+,-,-,Reinvestor
INFY,2017,+,-,-,Reinvestor
INFY,2018,+,+,-,Liquidating Assets
INFY,2019,+,-,-,Reinvestor
INFY,2020,+,-,-,Reinvestor
INFY,2021,+,-,-,Reinvestor
INFY,2022,+,-,-,Reinvestor
INFY,2023,+,-,-,Reinvestor
INFY,2024,+,-,-,Reinvestor
IOC,2013,+,-,+,Mixed
IOC,2014,+,-,-,Reinvestor
IOC,2015,+,-,-,Reinvestor
IOC,2016,+,-,-,Reinvestor
IOC,2017,+,-,-,Reinvestor
IOC,2018,+,-,-,Reinvestor
IOC,2019,+,-,+,Mixed
IOC,2020,+,-,+,Mixed
IOC,2021,+,-,-,Reinvestor
IOC,2022,+,-,-,Reinvestor
IOC,2023,+,-,-,Reinvestor
IOC,2024,+,-,-,Reinvestor
IRCTC,2015,+,-,-,Reinvestor
IRCTC,2016,+,+,-,Liquidating Assets
IRCTC,2017,+,+,-,Liquidating Assets
IRCTC,2018,+,+,-,Liquidating Assets
IRCTC,2019,+,-,-,Reinvestor
IRCTC,2020,+,+,-,Liquidating Assets
IRCTC,2021,+,-,-,Reinvestor
IRCTC,2022,+,-,-,Reinvestor
IRCTC,2023,+,-,-,Reinvestor
IRCTC,2024,+,-,-,Reinvestor
IRFC,2016,-,+,+,Distress Signal
IRFC,2017,-,+,+,Distress Signal
IRFC,2018,-,+,+,Distress Signal
IRFC,2019,-,+,+,Distress Signal
IRFC,2020,-,+,+,Distress Signal
IRFC,2021,-,+,+,Distress Signal
IRFC,2022,-,-,+,Growth Funded by Debt
IRFC,2023,-,+,+,Distress Signal
IRFC,2024,+,-,-,Reinvestor
ITC,2013,+,-,-,Reinvestor
ITC,2014,+,-,-,Reinvestor
ITC,2015,+,-,-,Reinvestor
ITC,2016,+,-,-,Reinvestor
ITC,2017,+,-,-,Reinvestor
ITC,2018,+,-,-,Reinvestor
ITC,2019,+,-,-,Reinvestor
ITC,2020,+,-,-,Reinvestor
ITC,2021,+,+,-,Liquidating Assets
ITC,2022,+,-,-,Reinvestor
ITC,2023,+,-,-,Reinvestor
ITC,2024,+,+,-,Liquidating Assets
JINDALSTEL,2013,+,-,+,Mixed
JINDALSTEL,2014,+,-,+,Mixed
JINDALSTEL,2015,+,-,+,Mixed
JINDALSTEL,2016,+,-,-,Reinvestor
JINDALSTEL,2017,+,-,-,Reinvestor
JINDALSTEL,2018,+,-,-,Reinvestor
JINDALSTEL,2019,+,-,-,Reinvestor
JINDALSTEL,2020,+,-,-,Reinvestor
JINDALSTEL,2021,+,-,-,Reinvestor
JINDALSTEL,2022,+,-,-,Reinvestor
JINDALSTEL,2023,+,-,-,Reinvestor
JINDALSTEL,2024,+,-,+,Mixed
JIOFIN,2023,+,-,-,Reinvestor
JIOFIN,2024,-,+,-,Unknown
JSWENERGY,2013,+,-,-,Reinvestor
JSWENERGY,2014,+,-,-,Reinvestor
JSWENERGY,2015,+,-,-,Reinvestor
JSWENERGY,2016,+,-,-,Reinvestor
JSWENERGY,2017,+,-,-,Reinvestor
JSWENERGY,2018,+,-,-,Reinvestor
JSWENERGY,2019,+,-,-,Reinvestor
JSWENERGY,2020,+,+,-,Liquidating Assets
JSWENERGY,2021,+,-,-,Reinvestor
JSWENERGY,2022,+,-,-,Reinvestor
JSWENERGY,2023,+,-,+,Mixed
JSWENERGY,2024,+,-,+,Mixed
JSWSTEEL,2013,+,-,-,Reinvestor
JSWSTEEL,2014,+,-,+,Mixed
JSWSTEEL,2015,+,-,-,Reinvestor
JSWSTEEL,2016,+,-,-,Reinvestor
JSWSTEEL,2017,+,-,-,Reinvestor
JSWSTEEL,2018,+,-,-,Reinvestor
JSWSTEEL,2019,+,-,+,Mixed
JSWSTEEL,2020,+,-,+,Mixed
JSWSTEEL,2021,+,-,-,Reinvestor
JSWSTEEL,2022,+,-,-,Reinvestor
JSWSTEEL,2023,+,-,-,Reinvestor
JSWSTEEL,2024,+,-,-,Reinvestor
KOTAKBANK,2013,+,-,+,Mixed
KOTAKBANK,2014,+,-,-,Reinvestor
KOTAKBANK,2015,+,-,+,Mixed
KOTAKBANK,2016,+,-,+,Mixed
KOTAKBANK,2017,+,-,+,Mixed
KOTAKBANK,2018,-,-,+,Growth Funded by Debt
KOTAKBANK,2019,+,-,+,Mixed
KOTAKBANK,2020,+,-,-,Reinvestor
KOTAKBANK,2021,+,-,-,Reinvestor
KOTAKBANK,2022,+,-,+,Mixed
KOTAKBANK,2023,-,-,+,Growth Funded by Debt
KOTAKBANK,2024,+,-,+,Mixed
LICI,2019,+,+,-,Liquidating Assets
LICI,2020,+,-,-,Reinvestor
LICI,2021,+,+,-,Liquidating Assets
LICI,2022,-,+,+,Distress Signal
LICI,2023,+,-,-,Reinvestor
LICI,2024,+,-,-,Reinvestor
LODHA,2016,+,-,+,Mixed
LODHA,2017,+,-,-,Reinvestor
LODHA,2018,+,-,+,Mixed
LODHA,2019,-,-,+,Growth Funded by Debt
LODHA,2020,+,+,-,Liquidating Assets
LODHA,2021,+,+,-,Liquidating Assets
LODHA,2022,+,+,-,Liquidating Assets
LODHA,2023,+,+,-,Liquidating Assets
LODHA,2024,+,-,+,Mixed
LT,2013,-,-,+,Growth Funded by Debt
LT,2014,-,-,+,Growth Funded by Debt
LT,2015,-,-,+,Growth Funded by Debt
LT,2016,-,-,+,Growth Funded by Debt
LT,2017,+,-,+,Mixed
LT,2018,-,+,+,Distress Signal
LT,2019,-,-,+,Growth Funded by Debt
LT,2020,+,-,+,Mixed
LT,2021,+,-,-,Reinvestor
LT,2022,+,-,-,Reinvestor
LT,2023,+,-,-,Reinvestor
LT,2024,+,+,-,Liquidating Assets
LTIM,2013,+,-,-,Reinvestor
LTIM,2014,+,+,-,Liquidating Assets
LTIM,2015,+,-,-,Reinvestor
LTIM,2016,+,-,-,Reinvestor
LTIM,2017,+,-,-,Reinvestor
LTIM,2018,+,-,-,Reinvestor
LTIM,2019,+,-,-,Reinvestor
LTIM,2020,+,-,-,Reinvestor
LTIM,2021,+,-,-,Reinvestor
LTIM,2022,+,-,-,Reinvestor
LTIM,2023,+,-,-,Reinvestor
LTIM,2024,+,-,-,Reinvestor
M&M,2013,-,-,+,Growth Funded by Debt
M&M,2014,-,-,+,Growth Funded by Debt
M&M,2015,+,-,+,Mixed
M&M,2016,+,-,+,Mixed
M&M,2017,+,-,+,Mixed
M&M,2018,+,-,+,Mixed
M&M,2019,-,-,+,Growth Funded by Debt
M&M,2020,-,-,+,Growth Funded by Debt
M&M,2021,+,-,+,Mixed
M&M,2022,+,-,-,Reinvestor
M&M,2023,-,-,+,Growth Funded by Debt
M&M,2024,-,-,+,Growth Funded by Debt
MARUTI,2013,+,-,-,Reinvestor
MARUTI,2014,+,-,-,Reinvestor
MARUTI,2015,+,-,-,Reinvestor
MARUTI,2016,+,-,-,Reinvestor
MARUTI,2017,+,-,-,Reinvestor
MARUTI,2018,+,-,-,Reinvestor
MARUTI,2019,+,-,-,Reinvestor
MARUTI,2020,+,-,-,Reinvestor
MARUTI,2021,+,-,-,Reinvestor
MARUTI,2022,+,-,-,Reinvestor
MARUTI,2023,+,-,-,Reinvestor
MARUTI,2024,+,-,-,Reinvestor
MOTHERSON,2013,+,-,-,Reinvestor
MOTHERSON,2014,+,-,-,Reinvestor
MOTHERSON,2015,+,-,+,Mixed
MOTHERSON,2016,+,-,-,Reinvestor
MOTHERSON,2017,+,-,+,Mixed
MOTHERSON,2018,+,-,-,Reinvestor
MOTHERSON,2019,+,-,-,Reinvestor
MOTHERSON,2020,+,-,-,Reinvestor
MOTHERSON,2021,+,-,-,Reinvestor
MOTHERSON,2022,+,-,-,Reinvestor
MOTHERSON,2023,+,-,-,Reinvestor
MOTHERSON,2024,+,-,+,Mixed
NAUKRI,2013,+,-,-,Reinvestor
NAUKRI,2014,+,-,+,Mixed
NAUKRI,2015,+,-,+,Mixed
NAUKRI,2016,+,-,-,Reinvestor
NAUKRI,2017,+,-,-,Reinvestor
NAUKRI,2018,+,-,-,Reinvestor
NAUKRI,2019,+,-,-,Reinvestor
NAUKRI,2020,+,+,-,Liquidating Assets
NAUKRI,2021,+,-,+,Mixed
NAUKRI,2022,+,-,+,Mixed
NAUKRI,2023,+,-,+,Mixed
NAUKRI,2024,+,-,+,Mixed
NESTLEIND,2013,+,-,-,Reinvestor
NESTLEIND,2014,+,-,-,Reinvestor
NESTLEIND,2015,+,-,-,Reinvestor
NESTLEIND,2016,+,-,-,Reinvestor
NESTLEIND,2017,+,-,-,Reinvestor
NESTLEIND,2018,+,-,-,Reinvestor
NESTLEIND,2019,+,+,-,Liquidating Assets
NESTLEIND,2020,+,-,-,Reinvestor
NESTLEIND,2021,+,-,-,Reinvestor
NESTLEIND,2022,+,-,-,Reinvestor
NESTLEIND,2023,+,-,-,Reinvestor
NESTLEIND,2024,+,-,-,Reinvestor
NHPC,2013,+,-,-,Reinvestor
NHPC,2014,+,-,-,Reinvestor
NHPC,2015,+,-,-,Reinvestor
NHPC,2016,+,-,-,Reinvestor
NHPC,2017,+,-,-,Reinvestor
NHPC,2018,+,-,-,Reinvestor
NHPC,2019,+,-,-,Reinvestor
NHPC,2020,+,-,+,Mixed
NHPC,2021,+,-,-,Reinvestor
NHPC,2022,+,-,-,Reinvestor
NHPC,2023,+,-,-,Reinvestor
NHPC,2024,+,-,-,Reinvestor
NTPC,2013,+,-,+,Mixed
NTPC,2014,+,-,-,Reinvestor
NTPC,2015,+,-,-,Reinvestor
NTPC,2016,+,-,-,Reinvestor
NTPC,2017,+,-,+,Mixed
NTPC,2018,+,-,+,Mixed
NTPC,2019,+,-,+,Mixed
NTPC,2020,+,-,+,Mixed
NTPC,2021,+,-,-,Reinvestor
NTPC,2022,+,-,-,Reinvestor
NTPC,2023,+,-,-,Reinvestor
NTPC,2024,+,-,-,Reinvestor
ONGC,2013,+,-,-,Reinvestor
ONGC,2014,+,-,+,Mixed
ONGC,2015,+,-,-,Reinvestor
ONGC,2016,+,-,-,Reinvestor
ONGC,2017,+,-,-,Reinvestor
ONGC,2018,+,-,+,Mixed
ONGC,2019,+,-,-,Reinvestor
ONGC,2020,+,-,-,Reinvestor
ONGC,2021,+,-,-,Reinvestor
ONGC,2022,+,-,-,Reinvestor
ONGC,2023,+,-,-,Reinvestor
ONGC,2024,+,-,-,Reinvestor
PFC,2013,-,+,+,Distress Signal
PFC,2014,-,+,+,Distress Signal
PFC,2015,-,-,+,Growth Funded by Debt
PFC,2016,-,-,+,Growth Funded by Debt
PFC,2017,+,-,+,Mixed
PFC,2018,-,+,+,Distress Signal
PFC,2019,-,-,+,Growth Funded by Debt
PFC,2020,-,-,+,Growth Funded by Debt
PFC,2021,-,+,+,Distress Signal
PFC,2022,+,-,-,Reinvestor
PFC,2023,-,-,+,Growth Funded by Debt
PFC,2024,-,-,+,Growth Funded by Debt
PIDILITIND,2013,+,-,-,Reinvestor
PIDILITIND,2014,+,-,-,Reinvestor
PIDILITIND,2015,+,-,-,Reinvestor
PIDILITIND,2016,+,-,-,Reinvestor
PIDILITIND,2017,+,-,+,Mixed
PIDILITIND,2018,+,+,-,Liquidating Assets
PIDILITIND,2019,+,-,-,Reinvestor
PIDILITIND,2020,+,+,-,Liquidating Assets
PIDILITIND,2021,+,-,-,Reinvestor
PIDILITIND,2022,+,-,-,Reinvestor
PIDILITIND,2023,+,-,-,Reinvestor
PIDILITIND,2024,+,-,-,Reinvestor
PNB,2013,-,-,-,Pre-Revenue
PNB,2014,+,-,+,Mixed
PNB,2015,+,-,+,Mixed
PNB,2016,+,-,+,Mixed
PNB,2017,+,+,-,Liquidating Assets
PNB,2018,-,+,+,Distress Signal
PNB,2019,-,-,+,Growth Funded by Debt
PNB,2020,-,-,+,Growth Funded by Debt
PNB,2021,+,-,+,Mixed
PNB,2022,+,-,+,Mixed
PNB,2023,+,-,+,Mixed
PNB,2024,-,-,+,Growth Funded by Debt
POWERGRID,2013,+,-,+,Mixed
POWERGRID,2014,+,-,+,Mixed
POWERGRID,2015,+,-,+,Mixed
POWERGRID,2016,+,-,+,Mixed
POWERGRID,2017,+,-,+,Mixed
POWERGRID,2018,+,-,+,Mixed
POWERGRID,2019,+,-,-,Reinvestor
POWERGRID,2020,+,-,-,Reinvestor
POWERGRID,2021,+,-,-,Reinvestor
POWERGRID,2022,+,+,-,Liquidating Assets
POWERGRID,2023,+,-,-,Reinvestor
POWERGRID,2024,+,-,-,Reinvestor
RECLTD,2013,-,+,+,Distress Signal
RECLTD,2014,-,+,+,Distress Signal
RECLTD,2015,-,+,+,Distress Signal
RECLTD,2016,-,-,+,Growth Funded by Debt
RECLTD,2017,+,-,-,Reinvestor
RECLTD,2018,-,+,+,Distress Signal
RECLTD,2019,-,+,+,Distress Signal
RECLTD,2020,-,+,+,Distress Signal
RECLTD,2021,-,+,+,Distress Signal
RECLTD,2022,-,-,+,Growth Funded by Debt
RECLTD,2023,-,-,+,Growth Funded by Debt
RECLTD,2024,-,-,+,Growth Funded by Debt
RELIANCE,2013,+,-,+,Mixed
RELIANCE,2014,+,-,+,Mixed
RELIANCE,2015,+,-,+,Mixed
RELIANCE,2016,+,-,-,Reinvestor
RELIANCE,2017,+,-,+,Mixed
RELIANCE,2018,+,-,-,Reinvestor
RELIANCE,2019,+,-,+,Mixed
RELIANCE,2020,+,-,-,Reinvestor
RELIANCE,2021,+,-,+,Mixed
RELIANCE,2022,+,-,+,Mixed
RELIANCE,2023,+,-,+,Mixed
RELIANCE,2024,+,-,-,Reinvestor
SBILIFE,2013,+,-,-,Reinvestor
SBILIFE,2014,+,-,-,Reinvestor
SBILIFE,2015,+,-,-,Reinvestor
SBILIFE,2016,+,-,-,Reinvestor
SBILIFE,2017,+,-,-,Reinvestor
SBILIFE,2018,+,-,-,Reinvestor
SBILIFE,2019,+,-,-,Reinvestor
SBILIFE,2020,+,-,-,Reinvestor
SBILIFE,2021,+,-,+,Mixed
SBILIFE,2022,+,-,-,Reinvestor
SBILIFE,2023,+,-,-,Reinvestor
SBILIFE,2024,+,-,-,Reinvestor
SBIN,2013,+,-,-,Reinvestor
SBIN,2014,+,-,+,Mixed
SBIN,2015,+,-,-,Reinvestor
SBIN,2016,+,-,+,Mixed
SBIN,2017,+,-,-,Reinvestor
SBIN,2018,-,+,+,Distress Signal
SBIN,2019,+,+,+,Cash Accumulator
SBIN,2020,+,-,+,Mixed
SBIN,2021,+,-,+,Mixed
SBIN,2022,+,-,-,Reinvestor
SBIN,2023,-,-,+,Growth Funded by Debt
SBIN,2024,+,-,-,Reinvestor
SHREECEM,2013,+,-,-,Reinvestor
SHREECEM,2014,+,-,-,Reinvestor
SHREECEM,2015,+,-,-,Reinvestor
SHREECEM,2016,+,-,-,Reinvestor
SHREECEM,2017,+,-,-,Reinvestor
SHREECEM,2018,+,-,+,Mixed
SHREECEM,2019,+,-,-,Reinvestor
SHREECEM,2020,+,-,+,Mixed
SHREECEM,2021,+,-,-,Reinvestor
SHREECEM,2022,+,-,-,Reinvestor
SHREECEM,2023,+,-,-,Reinvestor
SHREECEM,2024,+,-,-,Reinvestor
SHRIRAMFIN,2013,-,-,+,Growth Funded by Debt
SHRIRAMFIN,2014,-,-,+,Growth Funded by Debt
SHRIRAMFIN,2015,-,-,+,Growth Funded by Debt
SHRIRAMFIN,2016,-,-,+,Growth Funded by Debt
SHRIRAMFIN,2017,-,-,+,Growth Funded by Debt
SHRIRAMFIN,2018,-,+,+,Distress Signal
SHRIRAMFIN,2019,-,-,+,Growth Funded by Debt
SHRIRAMFIN,2020,-,-,+,Growth Funded by Debt
SHRIRAMFIN,2021,-,-,+,Growth Funded by Debt
SHRIRAMFIN,2022,-,-,+,Growth Funded by Debt
SHRIRAMFIN,2023,-,+,+,Distress Signal
SHRIRAMFIN,2024,-,-,+,Growth Funded by Debt
SIEMENS,2011,+,+,-,Liquidating Assets
SIEMENS,2014,+,+,-,Liquidating Assets
SIEMENS,2015,+,+,-,Liquidating Assets
SIEMENS,2016,+,+,-,Liquidating Assets
SIEMENS,2017,+,+,-,Liquidating Assets
SIEMENS,2018,+,-,-,Reinvestor
SIEMENS,2019,+,-,-,Reinvestor
SIEMENS,2020,+,+,-,Liquidating Assets
SIEMENS,2021,+,-,-,Reinvestor
SIEMENS,2022,+,-,-,Reinvestor
SIEMENS,2023,+,-,-,Reinvestor
SIEMENS,2024,+,-,-,Reinvestor
SUNPHARMA,2013,+,-,-,Reinvestor
SUNPHARMA,2014,+,-,+,Mixed
SUNPHARMA,2015,+,-,-,Reinvestor
SUNPHARMA,2016,+,-,-,Reinvestor
SUNPHARMA,2017,+,-,-,Reinvestor
SUNPHARMA,2018,+,-,-,Reinvestor
SUNPHARMA,2019,+,-,-,Reinvestor
SUNPHARMA,2020,+,-,-,Reinvestor
SUNPHARMA,2021,+,+,-,Liquidating Assets
SUNPHARMA,2022,+,-,-,Reinvestor
SUNPHARMA,2023,+,-,+,Mixed
SUNPHARMA,2024,+,-,-,Reinvestor
TATACONSUM,2013,+,+,+,Cash Accumulator
TATACONSUM,2014,+,-,-,Reinvestor
TATACONSUM,2015,+,-,-,Reinvestor
TATACONSUM,2016,+,+,-,Liquidating Assets
TATACONSUM,2017,+,+,-,Liquidating Assets
TATACONSUM,2018,+,-,-,Reinvestor
TATACONSUM,2019,+,+,-,Liquidating Assets
TATACONSUM,2020,+,-,-,Reinvestor
TATACONSUM,2021,+,-,-,Reinvestor
TATACONSUM,2022,+,-,-,Reinvestor
TATACONSUM,2023,+,-,-,Reinvestor
TATACONSUM,2024,+,-,+,Mixed
TATAMOTORS,2013,+,-,-,Reinvestor
TATAMOTORS,2014,+,-,-,Reinvestor
TATAMOTORS,2015,+,-,+,Mixed
TATAMOTORS,2016,+,-,-,Reinvestor
TATAMOTORS,2017,+,-,+,Mixed
TATAMOTORS,2018,+,-,+,Mixed
TATAMOTORS,2019,+,-,+,Mixed
TATAMOTORS,2020,+,-,+,Mixed
TATAMOTORS,2021,+,-,+,Mixed
TATAMOTORS,2022,+,-,-,Reinvestor
TATAMOTORS,2023,+,-,-,Reinvestor
TATAMOTORS,2024,+,-,-,Reinvestor
TATAPOWER,2013,+,-,-,Reinvestor
TATAPOWER,2014,+,-,-,Reinvestor
TATAPOWER,2015,+,-,-,Reinvestor
TATAPOWER,2016,+,-,-,Reinvestor
TATAPOWER,2017,+,-,+,Mixed
TATAPOWER,2018,+,-,-,Reinvestor
TATAPOWER,2019,+,-,-,Reinvestor
TATAPOWER,2020,+,-,-,Reinvestor
TATAPOWER,2021,+,+,-,Liquidating Assets
TATAPOWER,2022,+,-,-,Reinvestor
TATAPOWER,2023,+,-,+,Mixed
TATAPOWER,2024,+,-,-,Reinvestor
TATASTEEL,2013,+,-,-,Reinvestor
TATASTEEL,2014,+,-,+,Mixed
TATASTEEL,2015,+,-,-,Reinvestor
TATASTEEL,2016,+,-,-,Reinvestor
TATASTEEL,2017,+,-,-,Reinvestor
TATASTEEL,2018,+,-,+,Mixed
TATASTEEL,2019,+,-,-,Reinvestor
TATASTEEL,2020,+,-,-,Reinvestor
TATASTEEL,2021,+,-,-,Reinvestor
TATASTEEL,2022,+,-,-,Reinvestor
TATASTEEL,2023,+,-,-,Reinvestor
TATASTEEL,2024,+,-,-,Reinvestor
TCS,2013,+,-,-,Reinvestor
TCS,2014,+,-,-,Reinvestor
TCS,2015,+,-,-,Reinvestor
TCS,2016,+,-,-,Reinvestor
TCS,2017,+,-,-,Reinvestor
TCS,2018,+,+,-,Liquidating Assets
TCS,2019,+,+,-,Liquidating Assets
TCS,2020,+,+,-,Liquidating Assets
TCS,2021,+,-,-,Reinvestor
TCS,2022,+,-,-,Reinvestor
TCS,2023,+,+,-,Liquidating Assets
TCS,2024,+,+,-,Liquidating Assets
TECHM,2013,+,-,+,Mixed
TECHM,2014,+,+,-,Liquidating Assets
TECHM,2015,+,-,-,Reinvestor
TECHM,2016,+,-,-,Reinvestor
TECHM,2017,+,-,-,Reinvestor
TECHM,2018,+,-,-,Reinvestor
TECHM,2019,+,-,-,Reinvestor
TECHM,2020,+,+,-,Liquidating Assets
TECHM,2021,+,-,-,Reinvestor
TECHM,2022,+,+,-,Liquidating Assets
TECHM,2023,+,-,-,Reinvestor
TECHM,2024,+,-,-,Reinvestor
TITAN,2013,+,-,-,Reinvestor
TITAN,2014,-,-,+,Growth Funded by Debt
TITAN,2015,+,-,-,Reinvestor
TITAN,2016,+,-,-,Reinvestor
TITAN,2017,+,-,-,Reinvestor
TITAN,2018,-,+,-,Unknown
TITAN,2019,+,-,-,Reinvestor
TITAN,2020,-,+,-,Unknown
TITAN,2021,+,-,-,Reinvestor
TITAN,2022,-,+,-,Unknown
TITAN,2023,+,-,+,Mixed
TITAN,2024,+,-,-,Reinvestor
TORNTPHARM,2013,+,-,+,Mixed
TORNTPHARM,2014,+,-,+,Mixed
TORNTPHARM,2015,+,-,+,Mixed
TORNTPHARM,2016,+,-,-,Reinvestor
TORNTPHARM,2017,+,-,-,Reinvestor
TORNTPHARM,2018,+,-,+,Mixed
TORNTPHARM,2019,+,-,-,Reinvestor
TORNTPHARM,2020,+,+,-,Liquidating Assets
TORNTPHARM,2021,+,-,-,Reinvestor
TORNTPHARM,2022,+,-,-,Reinvestor
TORNTPHARM,2023,+,-,+,Mixed
TORNTPHARM,2024,+,-,-,Reinvestor
TRENT,2013,+,-,+,Mixed
TRENT,2014,-,-,-,Pre-Revenue
TRENT,2015,-,-,+,Growth Funded by Debt
TRENT,2016,+,-,-,Reinvestor
TRENT,2017,+,-,-,Reinvestor
TRENT,2018,+,-,-,Reinvestor
TRENT,2019,+,-,+,Mixed
TRENT,2020,+,-,+,Mixed
TRENT,2021,+,+,-,Liquidating Assets
TRENT,2022,+,+,-,Liquidating Assets
TRENT,2023,+,-,-,Reinvestor
TRENT,2024,+,-,-,Reinvestor
TVSMOTOR,2013,+,-,-,Reinvestor
TVSMOTOR,2014,+,-,-,Reinvestor
TVSMOTOR,2015,+,-,+,Mixed
TVSMOTOR,2016,+,-,-,Reinvestor
TVSMOTOR,2017,+,-,-,Reinvestor
TVSMOTOR,2018,+,-,+,Mixed
TVSMOTOR,2019,-,-,+,Growth Funded by Debt
TVSMOTOR,2020,+,-,+,Mixed
TVSMOTOR,2021,+,-,+,Mixed
TVSMOTOR,2022,-,-,+,Growth Funded by Debt
TVSMOTOR,2023,-,-,+,Growth Funded by Debt
TVSMOTOR,2024,-,-,+,Growth Funded by Debt
