company_id,company_name,sector,sub_sector,year,sales,net_profit,operating_profit,operating_activity,investing_activity,cfo_pat_ratio,fcf,fcf_conversion_pct,capex_intensity_pct,cfo_quality,capex_intensity_class,cash_profit_alignment,fcf_status,cash_flow_risk,cash_flow_score
TECHM,Tech Mahindra Ltd,Information Technology,IT Services,2024,51996,2397,4506.0,6376.0,-1318.0,2.6599916562369628,5058.0,112.2503328894807,2.5348103700284637,Strong,Low,Strong,Positive,False,100.0
BRITANNIA,Britannia Industries Ltd,Consumer Staples,Food Products,2024,16769,2134,3167.0,2573.0,477.0,1.2057169634489222,3050.0,96.30565203662772,2.844534557815016,Strong,Low,Strong,Positive,False,99.45
TORNTPHARM,Torrent Pharmaceuticals Ltd,Healthcare,Pharmaceuticals,2024,10728,1656,3368.0,3266.0,-160.0,1.9722222222222223,3106.0,92.2209026128266,1.4914243102162565,Strong,Low,Strong,Positive,False,98.83
SUNPHARMA,Sun Pharmaceuticals Industries Ltd,Healthcare,Pharmaceuticals,2024,48497,9610,13018.0,12135.0,-763.0,1.2627471383975026,11372.0,87.35596865878014,1.5732931933934058,Strong,Low,Strong,Positive,False,98.1
BPCL,Bharat Petroleum Corporation Ltd,Energy,Oil & Gas Refining,2024,448083,26859,44082.0,35936.0,-10521.0,1.3379500353698945,25415.0,57.65391769883399,2.3480024906099985,Strong,Low,Strong,Positive,False,93.65
IOC,Indian Oil Corporation,Energy,Oil & Gas Refining,2024,776352,43161,75646.0,71099.0,-31464.0,1.6472973286068442,39635.0,52.39536789783994,4.052800791393595,Strong,Low,Strong,Positive,False,92.86
TATAMOTORS,Tata Motors Ltd,Consumer Discretionary,Automobiles,2024,437928,31807,59538.0,67915.0,-22782.0,2.135221806520577,45133.0,75.80536800026874,5.2022250232915,Strong,Moderate,Strong,Positive,False,92.62
HCLTECH,HCL Technologies Ltd,Information Technology,IT Services,2024,109913,15710,24198.0,22448.0,-6608.0,1.428898790579249,15840.0,65.45995536821225,6.012027694631208,Strong,Moderate,Strong,Positive,False,91.07
IRFC,Indian Railway Finance Corporation Ltd,Financials,Speciality Finance,2024,26645,6412,26513.0,7914.0,-8.0,1.2342482844666252,7906.0,29.819333911665975,0.030024394820791892,Strong,Low,Strong,Positive,False,89.47
TCS,Tata Consultancy Services Ltd,Information Technology,IT Services,2024,240893,46099,64296.0,44338.0,6091.0,0.9617996051975097,50429.0,78.43256190120692,2.528508507926756,Healthy,Low,Moderate,Positive,False,88.76
BAJAJ-AUTO,Bajaj Auto Ltd,Consumer Discretionary,Two Wheelers,2024,44870,7708,8765.0,6558.0,-72.0,0.8508043591074209,6486.0,73.99885909868796,0.16046356139959886,Healthy,Low,Moderate,Positive,False,88.1
ITC,ITC Ltd,Consumer Staples,Diversified FMCG,2024,70866,20751,26233.0,17179.0,1563.0,0.8278637174112091,18742.0,71.44436396904662,2.205571077808822,Healthy,Low,Moderate,Positive,False,87.72
SHREECEM,Shree Cement Ltd,Materials,Cement,2024,20521,1733,4518.0,3347.0,-1418.0,1.93133294864397,1929.0,42.69588313413015,6.9099946396374445,Strong,Moderate,Strong,Positive,False,87.65
ONGC,Oil & Natural Gas Corpn Ltd,Energy,Oil & Gas Exploration,2024,591396,57101,102835.0,99263.0,-57203.0,1.7383758603176827,42060.0,40.90047162930909,9.672537521390066,Strong,Moderate,Strong,Positive,False,87.39
LT,Larsen & Toubro Ltd,Industrials,Engineering & Construction,2024,221113,15547,29865.0,18266.0,2179.0,1.1748890461182222,20445.0,68.45806127574083,0.9854689683555468,Healthy,Low,Moderate,Positive,False,87.27
HEROMOTOCO,Hero MotoCorp Ltd,Consumer Discretionary,Two Wheelers,2024,37789,3742,32554.0,4923.0,-1828.0,1.3156066274719402,3095.0,9.507280211341156,4.8373865410569215,Strong,Low,Strong,Positive,False,86.43
GAIL,GAIL (India) Ltd,Energy,Gas Distribution,2024,133228,9903,14314.0,12586.0,-8226.0,1.270928001615672,4360.0,30.459689814167945,6.174377758429158,Strong,Moderate,Strong,Positive,False,85.82
INFY,Infosys Ltd,Information Technology,IT Services,2024,153670,26248,36425.0,25210.0,-5093.0,0.9604541298384639,20117.0,55.22855181880576,3.314244810307802,Healthy,Low,Moderate,Positive,False,85.28
MARUTI,Maruti Suzuki India Ltd,Consumer Discretionary,Automobiles,2024,141858,13488,18626.0,16801.0,-11865.0,1.2456257413997627,4936.0,26.500590572318266,8.363997800617518,Strong,Moderate,Strong,Positive,False,85.23
HINDUNILVR,Hindustan Unilever Ltd,Consumer Staples,FMCG,2024,61896,10282,47237.0,15469.0,-5324.0,1.504473837774752,10145.0,21.476808434066516,8.601525138942742,Strong,Moderate,Strong,Positive,False,84.47
HAVELLS,Havells India Ltd,Industrials,Consumer Electricals,2024,18590,1271,1881.0,1953.0,-1618.0,1.5365853658536586,335.0,17.809675704412548,8.703604088219473,Strong,Moderate,Strong,Positive,False,83.92
APOLLOHOSP,"Apollo Hospitals
Chain of Indian private hospitals",Healthcare,Healthcare,2024,19059,935,2394.0,1920.0,-1537.0,2.053475935828877,383.0,15.998329156223893,8.064431502177449,Strong,Moderate,Strong,Positive,False,83.65
TRENT,Trent Ltd,Consumer Discretionary,Retail,2024,12375,1477,1971.0,1349.0,-508.0,0.913337846987136,841.0,42.668696093353624,4.105050505050505,Healthy,Low,Moderate,Positive,False,83.4
MOTHERSON,Samvardhana Motherson International Ltd,Consumer Discretionary,Auto Ancillaries,2024,98692,3020,9322.0,7569.0,-6644.0,2.5062913907284767,925.0,9.922763355503111,6.732055283102987,Strong,Moderate,Strong,Positive,False,82.74
POWERGRID,Power Grid Corporation of India Ltd,Energy,Power Transmission,2024,45843,15573,39826.0,37290.0,-13114.0,2.394528992486997,24176.0,60.70406267262592,28.606330301245553,Strong,Very High,Strong,Positive,True,82.11
HINDALCO,Hindalco Industries Ltd,Materials,Metals & Mining,2024,215962,10155,192090.0,24056.0,-14267.0,2.368882323978336,9789.0,5.096048727159144,6.6062548040859035,Strong,Moderate,Strong,Positive,False,82.01
ICICIGI,ICICI Lombard General Insurance Company Ltd,Financials,General Insurance,2024,20487,1919,17910.0,2407.0,-1921.0,1.2542991141219386,486.0,2.7135678391959797,9.37667789329819,Strong,Moderate,Strong,Positive,False,81.66
ABB,Abbott India Ltd,Industrials,Capital Goods,2024,5849,1201,1453.0,1213.0,-416.0,1.009991673605329,797.0,54.852030282174816,7.112326893486067,Healthy,Moderate,Moderate,Positive,False,81.48
CANBK,Canara Bank,Financials,Public Sector Banks,2024,110519,15401,46146.0,15046.0,-1750.0,0.9769495487306019,13296.0,28.81289819269276,1.583438141857961,Healthy,Low,Moderate,Positive,False,81.32
PIDILITIND,Pidilite Industries Ltd,Materials,Specialty Chemicals,2024,12383,1747,2708.0,2724.0,-1769.0,1.559244419004007,955.0,35.2658788774003,14.285714285714285,Strong,High,Strong,Positive,False,81.29
TATAPOWER,Tata Power Company Ltd,Energy,Power & Utilities,2024,61449,4280,10735.0,12596.0,-9027.0,2.9429906542056075,3569.0,33.24639031206335,14.69023092320461,Strong,High,Strong,Positive,False,80.99
ADANIPORTS,Adani Ports & Special Economic Zone Ltd,Industrials,Infrastructure,2024,26711,8104,15589.0,15018.0,-6768.0,1.8531589338598222,8250.0,52.92193213163128,25.337875781513237,Strong,Very High,Strong,Positive,True,80.94
NESTLEIND,Nestle India Ltd,Consumer Staples,Food Products,2024,24394,3933,5813.0,4175.0,-1237.0,1.0615306381896772,2938.0,50.541888869774645,5.070919078461917,Healthy,Moderate,Moderate,Positive,False,80.83
ASIANPAINT,"Asian Paints
Indian Multi-National Paint and Coating Manufacturing Company",Materials,Paints & Coatings,2024,35495,5558,7585.0,6104.0,-2548.0,1.0982367758186398,3556.0,46.88200395517469,7.17847584166784,Healthy,Moderate,Moderate,Positive,False,80.28
RELIANCE,Reliance Industries Ltd,Energy,Conglomerates,2024,899041,79020,162498.0,158788.0,-113581.0,2.00946595798532,45207.0,27.820034708119483,12.633572884885117,Strong,High,Strong,Positive,False,80.17
LTIM,LTIMindtree Ltd,Information Technology,IT Services,2024,35517,4585,6387.0,5670.0,-3918.0,1.2366412213740459,1752.0,27.430718647252235,11.031337106174508,Strong,High,Strong,Positive,False,80.11
BOSCHLTD,Bosch Ltd,Consumer Discretionary,Auto Ancillaries,2024,16727,2490,2095.0,1253.0,283.0,0.5032128514056224,1536.0,73.31742243436754,1.6918754110121361,Weak,Low,Weak,Positive,False,80.0
ADANIPOWER,Adani Power Ltd,Energy,Power & Utilities,2024,50351,20829,18228.0,14170.0,3481.0,0.6803015027125642,17651.0,96.83454026771999,6.9134674584417395,Weak,Moderate,Weak,Positive,False,79.78
DABUR,Dabur India Ltd,Consumer Staples,Personal Products,2024,12404,1811,2400.0,2013.0,-971.0,1.1115405853119824,1042.0,43.416666666666664,7.828119961302805,Healthy,Moderate,Moderate,Positive,False,79.76
ATGL,Adani Total Gas Ltd,Energy,Gas Distribution,2024,4475,668,1104.0,955.0,-752.0,1.4296407185628743,203.0,18.387681159420293,16.804469273743017,Strong,High,Strong,Positive,False,78.76
INDIGO,Interglobe Aviation Ltd,Consumer Discretionary,Airlines,2024,68904,8167,52573.0,21183.0,-11759.0,2.5937308681278317,9424.0,17.92555113841706,17.065772669220944,Strong,High,Strong,Positive,False,78.69
NTPC,NTPC Ltd,Energy,Power & Utilities,2024,178501,21332,51456.0,40785.0,-32141.0,1.9119163697731107,8644.0,16.798818407960198,18.00606159069137,Strong,High,Strong,Positive,False,78.52
BHARTIARTL,Bharti Airtel Ltd,Communication Services,Telecommunications,2024,149982,8558,78292.0,78898.0,-51089.0,9.219210095816779,27809.0,35.51959331732489,34.063420943846594,Strong,Very High,Strong,Positive,True,78.33
DMART,Avenue Supermarts Ltd,Consumer Discretionary,Retail,2024,50789,2536,4106.0,2746.0,-2468.0,1.082807570977918,278.0,6.770579639551875,4.8593199314812265,Healthy,Low,Moderate,Positive,False,78.02
TATACONSUM,Tata Consumer Products Ltd,Consumer Staples,Food & Beverages,2024,15206,1215,2284.0,1937.0,-1911.0,1.594238683127572,26.0,1.138353765323993,12.567407602262264,Strong,High,Strong,Positive,False,76.17
NHPC,NHPC Ltd,Energy,Power & Utilities,2024,9632,4028,4807.0,6938.0,-5968.0,1.7224428997020853,970.0,20.17890576242979,61.96013289036545,Strong,Very High,Strong,Positive,True,76.03
ADANIENSOL,Adani Energy Solutions Ltd,Energy,Power & Utilities,2024,16607,1196,5711.0,6038.0,-4943.0,5.048494983277592,1095.0,19.17352477674663,29.764557114469802,Strong,Very High,Strong,Positive,True,75.88
DIVISLAB,Divis Laboratories Ltd,Healthcare,Pharmaceuticals,2024,7845,1600,2210.0,1261.0,-269.0,0.788125,992.0,44.8868778280543,3.4289356277884,Weak,Low,Weak,Positive,False,75.73
ICICIBANK,ICICI Bank Ltd,Financials,Private Banks,2024,159516,46081,99560.0,157284.0,-144737.0,3.4132071786636575,12547.0,12.602450783447166,90.7350986734873,Strong,Very High,Strong,Positive,True,74.89
SIEMENS,Siemens Ltd,Industrials,Capital Goods,2024,22240,2718,3104.0,1670.0,-502.0,0.6144223693892568,1168.0,37.628865979381445,2.2571942446043165,Weak,Low,Weak,Positive,False,74.64
DLF,DLF Ltd,Real Estate,Real Estate,2024,6427,2724,2124.0,2539.0,-1529.0,0.9320851688693098,1010.0,47.55178907721281,23.79025984129454,Healthy,Very High,Moderate,Positive,True,72.13
IRCTC,Indian Railway Catering & Tourism Corporation Ltd,Consumer Discretionary,Travel & Tourism,2024,4270,1111,1466.0,882.0,-215.0,0.7938793879387939,667.0,45.49795361527968,5.035128805620609,Weak,Moderate,Weak,Positive,False,72.07
EICHERMOT,Eicher Motors Ltd,Consumer Discretionary,Two Wheelers,2024,16536,4001,4329.0,3724.0,-2834.0,0.9307673081729567,890.0,20.559020559020556,17.138364779874212,Healthy,High,Moderate,Positive,False,71.08
KOTAKBANK,Kotak Mahindra Bank Ltd,Financials,Private Banks,2024,56237,18213,47052.0,15685.0,-8919.0,0.8611980453522209,6766.0,14.379835076086033,15.859665344879707,Healthy,High,Moderate,Positive,False,70.16
LICI,Life Insurance Corporation of India,Financials,Life Insurance,2024,845966,40916,32779.0,26122.0,-25269.0,0.6384299540522045,853.0,2.6022758473412853,2.986999477520373,Weak,Low,Weak,Positive,False,69.39
DRREDDY,Dr Reddys Laboratories Ltd,Healthcare,Pharmaceuticals,2024,28011,5578,7933.0,4543.0,-4034.0,0.8144496235209753,509.0,6.416235976301525,14.401485130841454,Healthy,High,Moderate,Positive,False,68.96
CIPLA,Cipla Ltd,Healthcare,Pharmaceuticals,2024,25774,4154,19483.0,4134.0,-2982.0,0.9951853635050554,1152.0,5.912847097469589,11.569799022270505,Healthy,High,Moderate,Positive,False,68.89
HAL,Hindustan Aeronautics Ltd,Industrials,Defence & Aerospace,2024,30381,7595,9749.0,8226.0,-6412.0,1.0830809743252139,1814.0,18.607036619140423,21.105296073203647,Healthy,Very High,Moderate,Positive,True,67.79
JSWSTEEL,JSW Steel Ltd,Materials,Steel,2024,175006,8973,28157.0,12078.0,-14467.0,1.3460381143430291,-2389.0,-8.48456866853713,8.266573717472543,Strong,Moderate,Strong,Negative,True,64.98
TITAN,Titan Company Ltd,Consumer Discretionary,Gems & Jewellery,2024,51084,3496,5292.0,1695.0,-189.0,0.4848398169336384,1506.0,28.458049886621318,0.36997885835095135,Poor,Low,Weak,Positive,True,61.27
HDFCLIFE,HDFC Life Insurance Company Ltd,Financials,Life Insurance,2024,101482,1574,100951.0,10721.0,-13614.0,6.81130876747141,-2893.0,-2.865746748422502,13.41518692970182,Strong,High,Strong,Negative,True,60.57
COALINDIA,Coal India Ltd,Materials,Mining & Metals,2024,142324,37369,94352.0,18103.0,-4486.0,0.48443897348069254,13617.0,14.432126505002543,3.151963126387679,Poor,Low,Weak,Positive,True,59.16
BAJAJHLDNG,Bajaj Holdings & Investment Ltd,Financials,Holding Companies,2024,1702,7365,1562.0,1941.0,-472.0,0.26354378818737273,1469.0,94.0460947503201,27.73207990599295,Poor,Very High,Weak,Positive,True,59.11
HDFCBANK,HDFC Bank Ltd,Financials,Private Banks,2024,283649,65446,174196.0,19069.0,16600.0,0.2913699844146319,35669.0,20.47635996234127,5.852303374945795,Poor,Moderate,Weak,Positive,True,56.32
LODHA,Macrotech Developers Ltd,Real Estate,Real Estate,2024,10316,1554,2665.0,2512.0,-2947.0,1.6164736164736164,-435.0,-16.322701688555348,28.567274137262505,Strong,Very High,Strong,Negative,True,55.55
JSWENERGY,JSW Energy Ltd,Energy,Power & Utilities,2024,11486,1725,5382.0,6234.0,-8197.0,3.6139130434782607,-1963.0,-36.473429951690825,71.36514017064252,Strong,Very High,Strong,Negative,True,52.53
SBIN,State Bank of India,Financials,Public Sector Banks,2024,439189,69543,-60297.0,21632.0,-3476.0,0.31105934457817463,18156.0,-30.110950793571817,0.791458802474561,Poor,Low,Weak,Positive,True,52.48
ADANIENT,Adani Enterprises Ltd,Industrials,Conglomerates,2024,96421,3335,11377.0,10312.0,-18767.0,3.0920539730134933,-8455.0,-74.31660367407929,19.463602327293845,Strong,High,Strong,Negative,True,49.85
JINDALSTEL,Jindal Steel & Power Ltd,Materials,Steel,2024,50354,5943,10202.0,6008.0,-8344.0,1.010937237085647,-2336.0,-22.897471084101156,16.570679588513325,Healthy,High,Moderate,Negative,True,49.57
NAUKRI,Info Edge (India) Ltd,Communication Services,Internet & Platforms,2024,2536,595,711.0,702.0,-852.0,1.1798319327731093,-150.0,-21.09704641350211,33.59621451104101,Healthy,Very High,Moderate,Negative,True,46.84
BEL,Bharat Electronics Ltd,Industrials,Defence Electronics,2024,20268,3985,5051.0,4659.0,-5924.0,1.1691342534504392,-1265.0,-25.044545634527815,29.228340240773633,Healthy,Very High,Moderate,Negative,True,46.24
TATASTEEL,Tata Steel Ltd,Materials,Steel,2024,229171,-4910,22248.0,20301.0,-14253.0,-4.134623217922607,6048.0,27.184466019417474,6.219373306395661,Negative,Moderate,Weak,Positive,True,45.33
ADANIGREEN,Adani Green Energy Ltd,Energy,Renewable Energy,2024,9220,1260,7318.0,7713.0,-21060.0,6.121428571428571,-13347.0,-182.3858977862804,228.4164859002169,Strong,Very High,Strong,Negative,True,43.0
SBILIFE,SBI Life Insurance Company Ltd,Financials,Life Insurance,2024,131988,1894,246.0,29122.0,-31221.0,15.375923970432947,-2099.0,-853.2520325203253,23.6544231293754,Strong,Very High,Strong,Negative,True,43.0
AMBUJACEM,Ambuja Cements Ltd,Materials,Cement,2024,33160,4738,6400.0,5646.0,-8941.0,1.1916420430561419,-3295.0,-51.48437500000001,26.963208685162847,Healthy,Very High,Moderate,Negative,True,42.28
ICICIPRULI,ICICI Prudential Life Insurance Company Ltd,Financials,Life Insurance,2024,90307,851,92136.0,-7315.0,7420.0,-8.595769682726205,105.0,0.11396196926282887,8.216417331989769,Negative,Moderate,Weak,Positive,True,41.27
JIOFIN,Jio Financial Services Ltd,Financials,Diversified Financials,2024,1855,1605,1559.0,-678.0,1441.0,-0.4224299065420561,763.0,48.94162924951892,77.68194070080862,Negative,Very High,Weak,Positive,True,40.34
BANKBARODA,Bank of Baroda,Financials,Public Sector Banks,2024,118379,18869,44379.0,-6274.0,-1285.0,-0.3325030473263024,-7559.0,-17.03283084341693,1.0854965830088108,Negative,Low,Weak,Negative,True,27.45
TVSMOTOR,TVS Motor Company Ltd,Consumer Discretionary,Two Wheelers,2024,39145,1779,5500.0,-1253.0,-1001.0,-0.7043282743114109,-2254.0,-40.98181818181818,2.557159279601482,Negative,Low,Weak,Negative,True,23.85
M&M,Mahindra & Mahindra Ltd,Consumer Discretionary,Automobiles,2024,139078,12270,24892.0,-5630.0,-5615.0,-0.4588427057864711,-11245.0,-45.17515667684396,4.0373028084959515,Negative,Low,Weak,Negative,True,23.22
AXISBANK,Axis Bank Ltd,Financials,Private Banks,2024,109369,24861,37943.0,-5555.0,-9001.0,-0.2234423394071035,-14556.0,-38.36280736894816,8.229937185125584,Negative,Moderate,Weak,Negative,True,20.5
INDUSINDBK,IndusInd Bank Ltd,Financials,Private Banks,2024,45748,8950,17638.0,-16843.0,-625.0,-1.8818994413407821,-17468.0,-99.03617190157614,1.3661799422925593,Negative,Low,Weak,Negative,True,15.14
PFC,Power Finance Corporation Ltd,Financials,Speciality Finance,2024,91508,26461,33573.0,-97820.0,-3409.0,-3.6967612713049394,-101229.0,-301.5190778303994,3.7253573458058313,Negative,Low,Weak,Negative,True,15.0
PNB,Punjab National Bank,Financials,Public Sector Banks,2024,109065,9157,,-27939.0,-1506.0,-3.0511084416293546,-29445.0,,1.3808279466373263,Negative,Low,Weak,Negative,True,15.0
RECLTD,REC Ltd,Financials,Speciality Finance,2024,47517,14145,47883.0,-57723.0,-1831.0,-4.0808059384941675,-59554.0,-124.37399494601425,3.8533577456489256,Negative,Low,Weak,Negative,True,15.0
SHRIRAMFIN,Shriram Finance Ltd,Financials,Consumer Finance,2024,36388,7399,10523.0,-31101.0,-258.0,-4.203405865657522,-31359.0,-298.0043713769838,0.7090249532813014,Negative,Low,Weak,Negative,True,15.0
BAJAJFINSV,Bajaj Finserv Ltd,Financials,Diversified Financials,2024,110382,15595,40886.0,-68674.0,-10960.0,-4.403590894517474,-79634.0,-194.77082619967717,9.929155115870342,Negative,Moderate,Weak,Negative,True,11.25
BHEL,Bharat Heavy Electricals Limited,Industrials,Capital Goods,2024,23893,282,711.0,-3713.0,1331.0,-13.166666666666666,-2382.0,-335.0210970464135,5.570669233666764,Negative,Moderate,Weak,Negative,True,11.25
GODREJCP,Godrej Consumer Products Ltd,Consumer Staples,Personal Products,2024,14096,-561,2957.0,2070.0,-3435.0,-3.6898395721925135,-1365.0,-46.16165032127156,24.36861520998865,Negative,Very High,Weak,Negative,True,11.08
BAJFINANCE,Bajaj Finance Ltd,Financials,Consumer Finance,2024,54972,14451,16099.0,-72760.0,-7171.0,-5.034945678499758,-79931.0,-496.49667681222434,13.044822818889617,Negative,High,Weak,Negative,True,6.0
CHOLAFIN,Cholamandalam Investment & Finance Company Ltd,Financials,Consumer Finance,2024,19163,3420,5385.0,-35683.0,-2855.0,-10.433625730994152,-38538.0,-715.6545961002786,14.898502322183374,Negative,High,Weak,Negative,True,6.0
GRASIM,Grasim Industries Ltd,Industrials,Diversified Industrials,2024,130978,9926,27195.0,-10719.0,-23114.0,-1.0798911948418295,-33833.0,-124.40889869461299,17.647238467528897,Negative,High,Weak,Negative,True,6.0
